{
  "hash": "55cafa9c",
  "configHash": "9daa267b",
  "lockfileHash": "e6362766",
  "browserHash": "f9f6d98e",
  "optimized": {
    "@angular/common": {
      "src": "../../../../../node_modules/@angular/common/fesm2022/common.mjs",
      "file": "@angular_common.js",
      "fileHash": "422737fd",
      "needsInterop": false
    },
    "@angular/common/http": {
      "src": "../../../../../node_modules/@angular/common/fesm2022/http.mjs",
      "file": "@angular_common_http.js",
      "fileHash": "063cfd56",
      "needsInterop": false
    },
    "@angular/core": {
      "src": "../../../../../node_modules/@angular/core/fesm2022/core.mjs",
      "file": "@angular_core.js",
      "fileHash": "e8b46a89",
      "needsInterop": false
    },
    "@angular/platform-browser": {
      "src": "../../../../../node_modules/@angular/platform-browser/fesm2022/platform-browser.mjs",
      "file": "@angular_platform-browser.js",
      "fileHash": "c484cee3",
      "needsInterop": false
    },
    "@angular/router": {
      "src": "../../../../../node_modules/@angular/router/fesm2022/router.mjs",
      "file": "@angular_router.js",
      "fileHash": "fe0eb267",
      "needsInterop": false
    },
    "sweetalert2": {
      "src": "../../../../../node_modules/sweetalert2/dist/sweetalert2.all.js",
      "file": "sweetalert2.js",
      "fileHash": "2dfdae2d",
      "needsInterop": true
    }
  },
  "chunks": {
    "chunk-V2KMVER7": {
      "file": "chunk-V2KMVER7.js"
    },
    "chunk-SBO7A3JP": {
      "file": "chunk-SBO7A3JP.js"
    },
    "chunk-G634E4TR": {
      "file": "chunk-G634E4TR.js"
    },
    "chunk-O7CYX2MT": {
      "file": "chunk-O7CYX2MT.js"
    },
    "chunk-WKYGNSYM": {
      "file": "chunk-WKYGNSYM.js"
    }
  }
}